scheme,seed,I_FM_Y_bits,H_Y_bits,I_over_H_Y,identity_only_macro_acc,classes_seen_UNI_v2,classes_seen_CONCH_v1.5,classes_seen_Virchow2
stratified,62,0.1338,2.8362,0.0472,0.1692,9,9,9
stratified,63,0.1162,2.8331,0.041,0.1223,9,9,9
stratified,64,0.1732,2.8321,0.0611,0.1899,9,9,9
stratified,65,0.0778,2.8324,0.0275,0.1111,9,9,9
stratified,66,0.1388,2.8421,0.0488,0.1111,9,9,9
stratified,67,0.1218,2.8326,0.043,0.1111,9,9,9
stratified,68,0.0993,2.8355,0.035,0.1402,9,9,9
stratified,69,0.1257,2.8417,0.0442,0.1517,9,9,9
stratified,70,0.1086,2.837,0.0383,0.1491,9,9,9
stratified,71,0.1352,2.8326,0.0477,0.149,9,9,9
stratified,72,0.0944,2.8272,0.0334,0.1251,9,9,9
stratified,73,0.1282,2.8352,0.0452,0.1448,9,9,9
stratified,74,0.1006,2.8322,0.0355,0.1486,9,9,9
stratified,75,0.1585,2.8323,0.056,0.1971,9,9,9
stratified,76,0.1585,2.829,0.056,0.1469,9,9,9
stratified,77,0.1414,2.8327,0.0499,0.1519,9,9,9
stratified,78,0.1286,2.8339,0.0454,0.138,9,9,9
stratified,79,0.1369,2.8358,0.0483,0.1111,9,9,9
stratified,80,0.1011,2.8354,0.0357,0.1414,9,9,9
stratified,81,0.1139,2.8308,0.0402,0.1509,9,9,9
stratified,82,0.1265,2.8322,0.0446,0.1474,9,9,9
stratified,83,0.0902,2.8343,0.0318,0.1111,9,9,9
stratified,84,0.1023,2.8299,0.0361,0.152,9,9,9
stratified,85,0.0697,2.8319,0.0246,0.1111,9,9,9
stratified,86,0.1403,2.8357,0.0495,0.151,9,9,9
stratified,87,0.1336,2.8374,0.0471,0.1502,9,9,9
stratified,88,0.1275,2.8307,0.0451,0.1111,9,9,9
stratified,89,0.1246,2.8348,0.044,0.1471,9,9,9
stratified,90,0.1173,2.8373,0.0413,0.15,9,9,9
stratified,91,0.1086,2.8374,0.0383,0.1322,9,9,9
balanced,62,0.2896,2.8362,0.1021,0.1613,9,9,9
balanced,63,0.1666,2.8331,0.0588,0.1594,9,9,8
balanced,64,0.3271,2.8321,0.1155,0.1649,8,8,9
balanced,65,0.2033,2.8324,0.0718,0.1743,9,9,9
balanced,66,0.2683,2.8421,0.0944,0.1596,9,9,9
balanced,67,0.1732,2.8326,0.0611,0.1111,9,9,9
balanced,68,0.192,2.8355,0.0677,0.1685,8,9,9
balanced,69,0.2713,2.8417,0.0955,0.165,8,9,9
balanced,70,0.2098,2.837,0.0739,0.1795,8,9,9
balanced,71,0.1496,2.8326,0.0528,0.1202,9,9,9
balanced,72,0.1559,2.8272,0.0551,0.14,9,9,9
balanced,73,0.3826,2.8352,0.1349,0.1723,8,9,9
balanced,74,0.2256,2.8322,0.0797,0.1449,9,9,9
balanced,75,0.1623,2.8323,0.0573,0.1481,9,9,9
balanced,76,0.1926,2.829,0.0681,0.1558,9,9,9
balanced,77,0.1766,2.8327,0.0624,0.1111,9,9,8
balanced,78,0.1911,2.8339,0.0674,0.1501,9,9,9
balanced,79,0.377,2.8358,0.1329,0.219,9,9,9
balanced,80,0.1589,2.8354,0.056,0.1383,9,9,9
balanced,81,0.1179,2.8308,0.0417,0.1111,9,9,9
balanced,82,0.2461,2.8322,0.0869,0.156,9,9,9
balanced,83,0.2017,2.8343,0.0711,0.1672,8,9,8
balanced,84,0.1539,2.8299,0.0544,0.164,9,9,9
balanced,85,0.1401,2.8319,0.0495,0.1111,8,8,9
balanced,86,0.2347,2.8357,0.0828,0.143,9,9,9
balanced,87,0.1458,2.8374,0.0514,0.1111,9,9,8
balanced,88,0.1652,2.8307,0.0584,0.154,9,9,9
balanced,89,0.2011,2.8348,0.0709,0.1526,9,9,8
balanced,90,0.2078,2.8373,0.0732,0.13,9,9,9
balanced,91,0.1915,2.8374,0.0675,0.1409,9,9,9
cancer_correlated,62,0.478,2.8362,0.1686,0.2213,9,9,8
cancer_correlated,63,0.6811,2.8331,0.2404,0.2952,9,9,7
cancer_correlated,64,0.3423,2.8321,0.1209,0.2023,9,8,9
cancer_correlated,65,0.5427,2.8324,0.1916,0.2511,8,8,7
cancer_correlated,66,0.4804,2.8421,0.169,0.2065,7,7,8
cancer_correlated,67,0.6779,2.8326,0.2393,0.2758,9,9,8
cancer_correlated,68,0.4963,2.8355,0.175,0.2054,9,7,7
cancer_correlated,69,0.4079,2.8417,0.1436,0.1687,9,9,9
cancer_correlated,70,0.5788,2.837,0.204,0.28,9,8,9
cancer_correlated,71,0.7264,2.8326,0.2565,0.2757,9,6,8
cancer_correlated,72,0.5387,2.8272,0.1905,0.2087,7,8,8
cancer_correlated,73,0.5485,2.8352,0.1935,0.2667,8,9,7
cancer_correlated,74,0.3491,2.8322,0.1232,0.1499,8,7,8
cancer_correlated,75,0.2722,2.8323,0.0961,0.181,9,8,8
cancer_correlated,76,0.7288,2.829,0.2576,0.2453,9,5,7
cancer_correlated,77,0.4395,2.8327,0.1551,0.2035,9,9,7
cancer_correlated,78,0.5241,2.8339,0.1849,0.1547,5,9,8
cancer_correlated,79,0.5275,2.8358,0.186,0.2382,9,9,6
cancer_correlated,80,0.6161,2.8354,0.2173,0.2471,8,7,8
cancer_correlated,81,0.5093,2.8308,0.1799,0.2064,8,8,8
cancer_correlated,82,0.5507,2.8322,0.1944,0.1779,7,9,7
cancer_correlated,83,0.7401,2.8343,0.2611,0.2661,6,9,6
cancer_correlated,84,0.5285,2.8299,0.1868,0.2324,7,8,9
cancer_correlated,85,0.6418,2.8319,0.2266,0.2187,8,8,8
cancer_correlated,86,0.6699,2.8357,0.2363,0.263,8,9,8
cancer_correlated,87,0.5634,2.8374,0.1986,0.2504,8,8,9
cancer_correlated,88,0.7729,2.8307,0.273,0.2824,8,6,9
cancer_correlated,89,0.3205,2.8348,0.1131,0.1856,8,9,8
cancer_correlated,90,0.6818,2.8373,0.2403,0.2778,9,8,9
cancer_correlated,91,0.476,2.8374,0.1678,0.2745,8,9,9
adversarial,62,1.3933,2.8362,0.4913,0.3333,3,3,3
adversarial,63,1.5594,2.8331,0.5504,0.3333,3,3,3
adversarial,64,1.5759,2.8321,0.5564,0.3333,3,3,3
adversarial,65,1.5018,2.8324,0.5302,0.3333,3,3,3
adversarial,66,1.5689,2.8421,0.552,0.3333,3,3,3
adversarial,67,1.5006,2.8326,0.5298,0.3333,3,3,3
adversarial,68,1.4586,2.8355,0.5144,0.3333,3,3,3
adversarial,69,1.5831,2.8417,0.5571,0.3333,3,3,3
adversarial,70,1.4646,2.837,0.5163,0.3333,3,3,3
adversarial,71,1.4274,2.8326,0.5039,0.3333,3,3,3
adversarial,72,1.5062,2.8272,0.5328,0.3333,3,3,3
adversarial,73,1.4212,2.8352,0.5013,0.3333,3,3,3
adversarial,74,1.4488,2.8322,0.5115,0.3333,3,3,3
adversarial,75,1.5292,2.8323,0.5399,0.3333,3,3,3
adversarial,76,1.4939,2.829,0.5281,0.3333,3,3,3
adversarial,77,1.5435,2.8327,0.5449,0.3333,3,3,3
adversarial,78,1.5651,2.8339,0.5523,0.3333,3,3,3
adversarial,79,1.4675,2.8358,0.5175,0.3333,3,3,3
adversarial,80,1.4754,2.8354,0.5203,0.3333,3,3,3
adversarial,81,1.5046,2.8308,0.5315,0.3333,3,3,3
adversarial,82,1.5347,2.8322,0.5419,0.3333,3,3,3
adversarial,83,1.5264,2.8343,0.5385,0.3333,3,3,3
adversarial,84,1.5685,2.8299,0.5543,0.3333,3,3,3
adversarial,85,1.5046,2.8319,0.5313,0.3333,3,3,3
adversarial,86,1.5028,2.8357,0.53,0.3333,3,3,3
adversarial,87,1.5004,2.8374,0.5288,0.3333,3,3,3
adversarial,88,1.3796,2.8307,0.4874,0.3333,3,3,3
adversarial,89,1.4418,2.8348,0.5086,0.3333,3,3,3
adversarial,90,1.5285,2.8373,0.5387,0.3333,3,3,3
adversarial,91,1.4688,2.8374,0.5177,0.3333,3,3,3
