grid_row,k,depth,lam_proto,lam_con,seed,macro_acc
default,256,1hidden,1.0,1.0,42,0.627
default,256,1hidden,1.0,1.0,43,0.6596
default,256,1hidden,1.0,1.0,44,0.5463
default,256,1hidden,1.0,1.0,45,0.611
default,256,1hidden,1.0,1.0,46,0.5787
k=64,64,1hidden,1.0,1.0,42,0.5621
k=64,64,1hidden,1.0,1.0,43,0.6225
k=64,64,1hidden,1.0,1.0,44,0.6037
k=64,64,1hidden,1.0,1.0,45,0.6462
k=64,64,1hidden,1.0,1.0,46,0.6406
k=128,128,1hidden,1.0,1.0,42,0.5574
k=128,128,1hidden,1.0,1.0,43,0.5956
k=128,128,1hidden,1.0,1.0,44,0.5848
k=128,128,1hidden,1.0,1.0,45,0.6645
k=128,128,1hidden,1.0,1.0,46,0.5951
k=512,512,1hidden,1.0,1.0,42,0.6186
k=512,512,1hidden,1.0,1.0,43,0.594
k=512,512,1hidden,1.0,1.0,44,0.6137
k=512,512,1hidden,1.0,1.0,45,0.668
k=512,512,1hidden,1.0,1.0,46,0.5962
depth=linear,256,linear,1.0,1.0,42,0.7286
depth=linear,256,linear,1.0,1.0,43,0.6285
depth=linear,256,linear,1.0,1.0,44,0.6779
depth=linear,256,linear,1.0,1.0,45,0.7497
depth=linear,256,linear,1.0,1.0,46,0.7066
depth=2hidden,256,2hidden,1.0,1.0,42,0.5409
depth=2hidden,256,2hidden,1.0,1.0,43,0.503
depth=2hidden,256,2hidden,1.0,1.0,44,0.5233
depth=2hidden,256,2hidden,1.0,1.0,45,0.5791
depth=2hidden,256,2hidden,1.0,1.0,46,0.5197
lam_proto=0.0,256,1hidden,0.0,1.0,42,0.612
lam_proto=0.0,256,1hidden,0.0,1.0,43,0.6246
lam_proto=0.0,256,1hidden,0.0,1.0,44,0.5545
lam_proto=0.0,256,1hidden,0.0,1.0,45,0.6369
lam_proto=0.0,256,1hidden,0.0,1.0,46,0.5973
lam_proto=0.1,256,1hidden,0.1,1.0,42,0.5616
lam_proto=0.1,256,1hidden,0.1,1.0,43,0.6313
lam_proto=0.1,256,1hidden,0.1,1.0,44,0.6076
lam_proto=0.1,256,1hidden,0.1,1.0,45,0.6486
lam_proto=0.1,256,1hidden,0.1,1.0,46,0.6258
lam_proto=10.0,256,1hidden,10.0,1.0,42,0.5821
lam_proto=10.0,256,1hidden,10.0,1.0,43,0.6192
lam_proto=10.0,256,1hidden,10.0,1.0,44,0.5873
lam_proto=10.0,256,1hidden,10.0,1.0,45,0.617
lam_proto=10.0,256,1hidden,10.0,1.0,46,0.5422
lam_con=0.0,256,1hidden,1.0,0.0,42,0.4925
lam_con=0.0,256,1hidden,1.0,0.0,43,0.5085
lam_con=0.0,256,1hidden,1.0,0.0,44,0.5369
lam_con=0.0,256,1hidden,1.0,0.0,45,0.602
lam_con=0.0,256,1hidden,1.0,0.0,46,0.5514
lam_con=0.1,256,1hidden,1.0,0.1,42,0.4971
lam_con=0.1,256,1hidden,1.0,0.1,43,0.568
lam_con=0.1,256,1hidden,1.0,0.1,44,0.536
lam_con=0.1,256,1hidden,1.0,0.1,45,0.6173
lam_con=0.1,256,1hidden,1.0,0.1,46,0.5716
